{"cameraMode":{"drawMode":0,"name":"Shaded","section":"Shading Mode"},"sceneLighting":true,"audioPlay":false,"sceneViewState":{"m_AlwaysRefresh":false,"showFog":true,"showSkybox":true,"showFlares":true,"showImageEffects":true,"showParticleSystems":true,"showVisualEffectGraphs":true,"m_FxEnabled":true},"in2DMode":false,"pivot":{"x":-0.4929769039154053,"y":2.213930606842041,"z":-2.851077079772949},"rotation":{"x":-0.10108756273984909,"y":0.14186355471611024,"z":-0.014564646407961846,"w":-0.9846044778823853},"size":4.007378578186035,"orthographic":false}